post_id,titulo,precio,moneda,provincia,barrio,localizacion,tipo_propiedad,tipo_operacion,superficie_total,superficie_cubierta,dormitorios,ambientes,banos,expensas,piso,departamentos_x_piso,pisos,antiguedad,tipo_departamento,disposicion,condiciones_especiales,tipo_vendedor,vendedor,fotos,latitud,longitud,cocheras,descripcion,apto_credito,con_aire,con_jardin,con_parrilla,con_pileta,apto_profesional,


753939766,Bouquet  Del Viso  José C. Paz,28.000,$,,,Bouquet Del Viso - José C. Paz - Bs.as. G.b.a. Norte,departamento,alquiler, 70 m² ,70 m²,1,2,,15000,,,1,0 años,,,,,Lambo Propiedades,,,,,,,Si,Si,,Si,,
754152199,Otamendi Al 300  Caballito ,14.500,$,,,Otamendi Al 300 Caballito - Capital Federal,departamento,alquiler, 61 m² ,55 m²,2,3,1,5000,,,,45 años,Departamento,Frente,,,Luis De Blas Propiedades,,,,,,,,,,,,
753768212,Condarco 103  Temperley  Lomas De Zamora,13.000,$,,,Condarco 103 Temperley - Lomas De Zamora - Bs.as. G.b.a. Sur,departamento,alquiler, 50 m² ,50 m²,2,3,1,1800,1,6,14,25 años,Departamento,Lateral,,,,,,,1,,,,,,,Si,
752624514,Gutierrez 3900  Palermo ,1.200,U$S,,,Gutierrez 3900 Palermo - Capital Federal,departamento,alquiler, 85 m² ,85 m²,2,3,2,,,2,,16 años,Departamento,,,,Lopezcastromil Propiedades,,,,1,,,Si,,,Si,,
752138674,Jose Bonifacio 1500  Caballito ,19.000,$,,,Jose Bonifacio 1500 Caballito - Capital Federal,departamento,alquiler, 50 m² ,50 m²,2,3,1,,1,2,,4 años,Departamento,Contrafrente,,,,,,,,,,,,,,,
753939783,Bouquet  Pilar,45.000,$,,,Bouquet Pilar - Bs.as. G.b.a. Norte,departamento,alquiler, 157 m² ,124 m²,2,3,2,17000,,,1,0 años,,,,,Lambo Propiedades,,,,2,,,Si,,Si,Si,,
752904747,Corro Al 400  Guemes ,8.000,$,,,Corro Al 400 Guemes - Córdoba,departamento,alquiler,,,1,2,1,,,,,0 años,,,,,Gerardo Jurgens,,,,,,,,,,,,
753484174,Av Emilio Castro 5200  Villa Luro ,14.990,$,,,Av Emilio Castro 5200 Villa Luro - Capital Federal,departamento,alquiler, 90 m² ,90 m²,2,3,1,,,,,,Ph,,,,,,,,,,,,,,,Si,
751886774,Calle 7 1987  Benavídez  Tigre,8.500,$,,,Calle 7 1987 Benavídez - Tigre - Bs.as. G.b.a. Norte,departamento,alquiler, 54 m² ,42 m²,1,2,1,,,,,2 años,Departamento,,,,,,,,,,,,,,,,
752518527,137 4449  Joaquín Gorina  La Plata,6.800,$,,,137 4449 Joaquín Gorina - La Plata - Bs.as. G.b.a. Sur,departamento,alquiler, 40 m² ,40 m²,,1,1,,,,,9 años,Monoambiente,Frente,,,,,,,,,,,,,,,
753272835,Viamonte Y Suipacha 900  Barrio Norte ,18.000,$,,,Viamonte Y Suipacha 900 Barrio Norte - Capital Federal,departamento,alquiler, 60 m² ,60 m²,2,3,2,,,,,,,,,,,,,,,,,,,,,,
752937514,Vieytes 59  Alto Alberdi ,6.500,$,,,Vieytes 59 Alto Alberdi - Córdoba,departamento,alquiler,,,1,1,1,,,,,,,,,,House Negocios Inmo,,,,,,,,,,,,
753322050,Av. Independencia 1900  San Cristóbal ,12.500,$,,,Av. Independencia 1900 San Cristóbal - Capital Federal,departamento,alquiler, 40 m² ,40 m²,1,2,1,2500,,4,,35 años,Departamento,Contrafrente,,,,,,,,,,,,,,,
752246826,Chacabuco Al 700  Pilar,9.500,$,,,Chacabuco Al 700 Pilar - Bs.as. G.b.a. Norte,departamento,alquiler, 60 m² ,57 m²,1,2,1,3500,,,,0 años,Departamento,,,,Ib Propiedades,,,,1,,,Si,,,,,
754255740,Emilio Zola Al 6000  Wilde  Avellaneda,8.500,$,,,Emilio Zola Al 6000 Wilde - Avellaneda - Bs.as. G.b.a. Sur,departamento,alquiler, 40 m² ,40 m²,1,2,1,,,,,0 años,Departamento,,,,Novoa Propiedades,,,,,,,,,,,,
753494435,Sucre Al 3000  Belgrano ,23.000,$,,,Sucre Al 3000 Belgrano - Capital Federal,departamento,alquiler, 101 m² ,93 m²,2,3,1,9137,,,1,20 años,,Frente,,,Lexinton Propiedades,,,,1,,,,,,,,
754174477,Lavalleja 962  Villa Crespo ,14.900,$,,,Lavalleja 962 Villa Crespo - Capital Federal,departamento,alquiler, 40 m² ,40 m²,1,2,1,,,,,,,,,,,,,,,,,,,,,,
752207931,Del Lago Al 100  Nordelta  Tigre,25.500,$,,,Del Lago Al 100 Nordelta - Tigre - Bs.as. G.b.a. Norte,departamento,alquiler, 117 m² ,76 m²,2,3,3,,,,,0 años,Departamento,,,,Get Negocios Inmobiliarios,,,,1,,,,Si,Si,Si,,
754817018,Salvador Soreda Al 6200  Wilde  Avellaneda,9.000,$,,,Salvador Soreda Al 6200 Wilde - Avellaneda - Bs.as. G.b.a. Sur,departamento,alquiler, 45 m² ,45 m²,1,2,1,,,,,0 años,Departamento,,,,Novoa Propiedades,,,,,,,,,,,,
754239448,San Martin 1546  Cofico ,8.000,$,,,San Martin 1546 Cofico - Córdoba,departamento,alquiler, 64 m² ,,2,2,1,,,,,,,,,,House Negocios Inmo,,,,,,,,,,,,
754083305,Franklin 1969  Flores ,15.000,$,,,Franklin 1969 Flores - Capital Federal,departamento,alquiler, 47 m² ,47 m²,1,2,1,,,,,,,,,,,,,,,,,,,,,,
752246834,Chile Al 100  Alto Del Molino  Pilar,10.500,$,,,Chile Al 100 Alto Del Molino - Pilar - Bs.as. G.b.a. Norte,departamento,alquiler, 50 m² ,50 m²,1,2,1,3000,,,,0 años,Departamento,,,,Ib Propiedades,,,,,,,,,Si,Si,,
754607317,Prensa Argentina 1200  Banfield  Lomas De Zamora,7.380,$,,,Prensa Argentina 1200 Banfield - Lomas De Zamora - Bs.as. G.b.a. Sur,departamento,alquiler, 70 m² ,70 m²,2,3,1,,,,,,,,,,,,,,1,,,,,,,,
754133098,Miranda 5909  Versalles ,12.000,$,,,Miranda 5909 Versalles - Capital Federal,departamento,alquiler, 52 m² ,6 m²,1,2,1,1100,,2,4,50 años,Departamento,Interno,,,Luye2008,,,,,,,,,,,,
754522373,Velez Sarsfield Al 2300  El Talar De Martínez  San Isidro,20.000,$,,,Velez Sarsfield Al 2300 El Talar De Martínez - San Isidro - Bs.as. G.b.a. Norte,departamento,alquiler,,80 m²,,1,1,2100,,,2,15 años,,Frente,,,Narvaez,,,,1,,,,,,,,
754109767,Behring Al 2600  Villa Urquiza ,12.500,$,,,Behring Al 2600 Villa Urquiza - Capital Federal,departamento,alquiler, 36 m² ,36 m²,,1,1,1500,,,,0 años,Departamento,,,,Aramis Inmobiliaria,,,,1,,,Si,,,,,
754112085,Behring Al 2600  Villa Urquiza ,17.500,$,,,Behring Al 2600 Villa Urquiza - Capital Federal,departamento,alquiler, 55 m² ,55 m²,,1,1,2500,,,,0 años,Departamento,,,,Aramis Inmobiliaria,,,,1,,,Si,,,,,
751747480,3 De Febrero 1930  Belgrano ,13.000,$,,,3 De Febrero 1930 Belgrano - Capital Federal,departamento,alquiler, 40 m² ,40 m²,1,2,1,,,,,,,,,,,,,,,,,,,,,,
754815635,Av. Callao 700  Barrio Norte ,14.000,$,,,Av. Callao 700 Barrio Norte - Capital Federal,departamento,alquiler, 40 m² ,40 m²,1,2,1,,,,,,,,,,,,,,,,,,,,,,
754591310,Iberlucea 3300  Lanús Oeste  Lanús,12.000,$,,,Iberlucea 3300 Lanús Oeste - Lanús - Bs.as. G.b.a. Sur,departamento,alquiler, 65 m² ,65 m²,2,3,1,3200,,2,8,10 años,Semi piso,Frente,,,,,,,,,,Si,,,,Si,
754050448,Colon 4900  Alberdi ,6.900,$,,,Colon 4900 Alberdi - Córdoba,departamento,alquiler, 45 m² ,45 m²,1,3,1,,,,,,,,,,,,,,,,,,,,,,
752681231,Congreso 1800  Belgrano ,3.500,U$S,,,Congreso 1800 Belgrano - Capital Federal,departamento,alquiler, 150 m² ,150 m²,3,4,3,15000,,2,25,2 años,Departamento,Frente,,,Lopezcastromil Propiedades,,,,2,,,Si,,,Si,,
754549931,Avda.forest 400  Chacarita ,10.000,$,,,Avda.forest 400 Chacarita - Capital Federal,departamento,alquiler, 35 m² ,35 m²,1,2,1,1175,,4,8,25 años,Departamento,Contrafrente,,,,,,,,,,Si,,,,Si,
752681683,Congreso 1800  Belgrano ,120.000,$,,,Congreso 1800 Belgrano - Capital Federal,departamento,alquiler, 150 m² ,150 m²,3,4,3,15000,,2,25,2 años,Departamento,Frente,,,Lopezcastromil Propiedades,,,,2,,,Si,,,Si,,
752914190,Silvio Ruggieri 3045  Palermo Chico ,2.500,U$S,,,Silvio Ruggieri 3045 Palermo Chico - Capital Federal,departamento,alquiler, 110 m² ,107 m²,2,3,3,8000,13,2,,7 años,Departamento,Contrafrente,,,,,,,1,,,Si,,,Si,,
754787147,Jujuy Y España Sn  Centro  Rosario,35,U$S,,,Jujuy Y España Sn Centro - Rosario - Santa Fe,departamento,alquiler, 141 m² ,123 m²,4,5,3,,,,,,,,,,,,,,1,,,,,,,,
753745686,Chubut Al 1300  Pellegrini Village  Pilar,16.000,$,,,Chubut Al 1300 Pellegrini Village - Pilar - Bs.as. G.b.a. Norte,departamento,alquiler, 70 m² ,70 m²,2,3,2,6000,,,,0 años,Departamento,,,,Ib Propiedades,,,,,,,,Si,,Si,,
752204797,Juana Manso 1550  Puerto Madero ,3.000,U$S,,,Juana Manso 1550 Puerto Madero - Capital Federal,departamento,alquiler, 326 m² ,243 m²,4,5,5,25500,8,2,8,15 años,Dúplex,Frente,,,,,,,2,,,Si,,,Si,,
752246809,Bolivar Al 400  Pilar,10.000,$,,,Bolivar Al 400 Pilar - Bs.as. G.b.a. Norte,departamento,alquiler, 50 m² ,45 m²,1,2,1,950,,,,0 años,Departamento,,,,Ib Propiedades,,,,1,,,,,,,,
754580373,Santa Fe Al 800  Retiro ,10.500,$,,,Santa Fe Al 800 Retiro - Capital Federal,departamento,alquiler, 43 m² ,43 m²,1,2,1,4000,,,,0 años,Departamento,,,,Luis De Blas Propiedades,,,,,,,,,,,,
753907096,Tránsito Cáceres De Allende 480  Nueva Córdoba ,8.000,$,,,Tránsito Cáceres De Allende 480 Nueva Córdoba - Córdoba,departamento,alquiler, 50 m² ,45 m²,1,2,1,3000,,,,7 años,Departamento,Contrafrente,,,Ragazzinibienesraices,,,,,,,,,,,,
753941424,Salta. 797  La Perla  Mar Del Plata,1.200,$,,,Salta. 797 La Perla - Mar Del Plata - Bs.as. Costa Atlántica,departamento,alquiler, 36 m² ,36 m²,1,1,1,,,,,,,,,,,,,,,,,,,,,,
752994510,Barrio Los Castaños  Complejo Las Piedras 1102  Nordelta  Tigre,16.500,$,,,Barrio Los Castaños  Complejo Las Piedras 1102 Nordelta - Tigre - Bs.as. G.b.a. Norte,departamento,alquiler, 80 m² ,47 m²,1,2,2,,,,,,,,,,,,,,1,,,Si,Si,Si,Si,,
753399728,Nahuel Huapí 4900  Villa Urquiza ,15.000,$,,,Nahuel Huapí 4900 Villa Urquiza - Capital Federal,departamento,alquiler, 48 m² ,45 m²,1,2,1,,,,,,,,,,,,,,,,,,,,,,
752086121,Cuba 3534  Núñez ,24.000,$,,,Cuba 3534 Núñez - Capital Federal,departamento,alquiler, 95 m² ,78 m²,3,4,2,5000,1,2,6,30 años,Semi piso,Frente,,,,,,,1,,,Si,,,,,
751844277,Larrea 1400  Barrio Norte ,35.000,$,,,Larrea 1400 Barrio Norte - Capital Federal,departamento,alquiler, 130 m² ,130 m²,3,4,2,14500,10,1,,35 años,Departamento,Frente,,,,,,,1,,,Si,,,,,
753724894,Aguero 1000  Palermo ,15.000,$,,,Aguero 1000 Palermo - Capital Federal,departamento,alquiler, 37 m² ,37 m²,,1,1,,,,,,Departamento,Frente,,,Lopezcastromil Propiedades,,,,,,,,,,Si,Si,
754090139,Av. 24 De Septiembre 1331  General Paz ,7.500,$,,,Av. 24 De Septiembre 1331 General Paz - Córdoba,departamento,alquiler, 55 m² ,50 m²,1,2,1,1500,,,,12 años,Departamento,Contrafrente,,,Ragazzinibienesraices,,,,,,,,,,,,
753464680,Av Belgrano 3251  Balvanera ,17.000,$,,,Av Belgrano 3251 Balvanera - Capital Federal,departamento,alquiler, 70 m² ,67 m²,2,3,1,,,,,,,,,,,,,,,,,,,,,,
754377533,Ohiggins 2794  Belgrano ,17.000,$,,,Ohiggins 2794 Belgrano - Capital Federal,departamento,alquiler, 55 m² ,55 m²,2,3,2,,,,,,,,,,,,,,,,,,,,,,
753072355,Gral Madariaga 1370  Centro  Pinamar,2.200,$,,,Gral Madariaga 1370 Centro - Pinamar - Bs.as. Costa Atlántica,departamento,alquiler, 50 m² ,50 m²,2,3,1,,,,1,3 años,Dúplex,Frente,,,,,,,1,,,Si,,Si,,,
752266416,Corrientes Al 369 Olivos Torremayor Brisa  Olivos  Vicente López,22.000,$,,,Corrientes Al 369 Olivos Torremayor Brisa Olivos - Vicente López - Bs.as. G.b.a. Norte,departamento,alquiler, 67 m² ,49 m²,1,2,1,7200,,,,0 años,,,,,Narvaez,,,,,,,,,,,,
751573830,Av Libertador 5100  Belgrano ,43.000,$,,,Av Libertador 5100 Belgrano - Capital Federal,departamento,alquiler, 166 m² ,158 m²,3,4,3,18000,4,,,20 años,Piso,Frente,,,,,,,1,,,,,,,,
754816903,San Martin 1546  Cofico ,6.500,$,,,San Martin 1546 Cofico - Córdoba,departamento,alquiler, 45 m² ,,1,1,1,,,,,,,,,,House Negocios Inmo,,,,,,,,,,,,
754801936,Marconi Al 500  Avellaneda,10.500,$,,,Marconi Al 500 Avellaneda - Bs.as. G.b.a. Sur,departamento,alquiler, 45 m² ,45 m²,1,2,1,,,,,0 años,Departamento,,,,Novoa Propiedades,,,,,,,,,,,,
754383755,Independencia 1116  La Perla  Mar Del Plata,18.000,$,,, ,departamento,alquiler, 62 m² ,56 m²,1,2,1,1800,2,3,7,20 años,Departamento,Frente,,,,,,,,,,,,,,,
754175479,Juana Manso 740  Puerto Madero ,40.000,$,,,Juana Manso 740 Puerto Madero - Capital Federal,departamento,alquiler, 90 m² ,90 m²,2,3,2,,,,,,,,,,,,,,,,,Si,Si,,Si,,
753379359,Jonas Salk 4200  Olivos  Vicente López,15.000,$,,,Jonas Salk 4200 Olivos - Vicente López - Bs.as. G.b.a. Norte,departamento,alquiler, 50 m² ,50 m²,1,2,1,1300,1,3,,5 años,Departamento,Frente,,,,,,,1,,,Si,,,,,
753601654,Chiozza 3050  San Bernardo,1.000,$,,,Chiozza 3050 San Bernardo - Bs.as. Costa Atlántica,departamento,alquiler, 40 m² ,40 m²,1,2,1,,1,5,3,20 años,Departamento,Contrafrente,,,,,,,,,,,,,,,
753547795,Ecuador Al 900  Barrio Norte ,13.900,$,,,Ecuador Al 900 Barrio Norte - Capital Federal,departamento,alquiler, 28 m² ,28 m²,1,1,1,1800,,,1,50 años,,Contrafrente,,,Lexinton Propieadades,,,,,,,,,,,Si,
751868299,Jonas 580  Centro  Pinamar,17.500,$,,,Jonas 580 Centro - Pinamar - Bs.as. Costa Atlántica,departamento,alquiler, 60 m² ,45 m²,1,2,1,,,,,,,,,,,,,,1,,,,,,,,
754649530,Alberdi  Juan B.  Av. 1200  Caballito ,9.500,$,,,Alberdi  Juan B.  Av. 1200 Caballito - Capital Federal,departamento,alquiler, 27 m² ,27 m²,1,1,1,1800,,,9,,Departamento,Contrafrente,,,Buyma Propiedades,,,,,,,,,,,,
753765454,La Pampa Al 4200  Villa Urquiza ,13.455,$,,,La Pampa Al 4200 Villa Urquiza - Capital Federal,departamento,alquiler, 40 m² ,34 m²,1,1,1,2800,,,1,1 años,,Contrafrente,,,Lexinton Propiedades,,,,,,,,,Si,Si,Si,
752106775,Grecia 3394  Núñez ,19.350,$,,,Grecia 3394 Núñez - Capital Federal,departamento,alquiler, 59 m² ,56 m²,1,2,2,,,,,,,,,,,,,,,,,,,,,,
751602393,Mariano Acha Al 4100  Saavedra ,15.000,$,,,Mariano Acha Al 4100 Saavedra - Capital Federal,departamento,alquiler, 38 m² ,34 m²,1,2,1,1400,,,1,20 años,,Frente,,,Lexinton Propieadades,,,,,,,,,,,,
749327258,Ombú 2828  San Justo  La Matanza,7.500,$,,,Ombú 2828 San Justo - La Matanza - Bs.as. G.b.a. Oeste,departamento,alquiler, 58 m² ,38 m²,1,1,1,,1,2,3,4 años,Departamento,Frente,,,,,,,,,,,,,,,
746420359,Virrey Del Pino 2460  Belgrano ,11.000,$,,,Virrey Del Pino 2460 Belgrano - Capital Federal,departamento,alquiler, 38 m² ,34 m²,,1,1,,,,,,,,,,,,,,,,,,,,,,
747549236,Querini 277  San Bernardo,2.000,$,,,Querini 277 San Bernardo - Bs.as. Costa Atlántica,departamento,alquiler, 100 m² ,80 m²,3,4,2,,,,,,Tríplex,,,,,,,,1,,,,,Si,,Si,
750135729,Puyrredon 2701  Lomas Del Mirador  La Matanza,8.500,$,,,Puyrredon 2701 Lomas Del Mirador - La Matanza - Bs.as. G.b.a. Oeste,departamento,alquiler, 40 m² ,40 m²,,1,1,,,,,,,,,,,,,,,,,,,,,,
746222982,Callao 2112  Ciudad Madero  La Matanza,9.800,$,,,Callao 2112 Ciudad Madero - La Matanza - Bs.as. G.b.a. Oeste,departamento,alquiler, 70 m² ,65 m²,2,3,1,,,,,,,,,,,,,,1,,,,,,,,
749216106,Avda. Pedro Goyena 1790  Caballito ,17.000,$,,,Avda. Pedro Goyena 1790 Caballito - Capital Federal,departamento,alquiler, 70 m² ,70 m²,2,3,1,,3,3,6,30 años,Departamento,Contrafrente,,,,,,,1,,,Si,,,,,
749018074,Sargento Cabral 3359  Lomas Del Mirador  La Matanza,8.000,$,,,Sargento Cabral 3359 Lomas Del Mirador - La Matanza - Bs.as. G.b.a. Oeste,departamento,alquiler, 46 m² ,38 m²,1,1,1,,,8,5,1 años,Departamento,Frente,,,,,,,,,,,,Si,,,
738998437,1 1572  La Plata,9.000,$,,,1 1572 La Plata - Bs.as. G.b.a. Sur,departamento,alquiler, 57 m² ,55 m²,1,2,1,2500,3,3,8,2 años,Departamento,Contrafrente,,,Soto Alberto,,,,,,,Si,,,,Si,
746665648,Venezuela Al 3200  Villa Martelli  Vicente López,7.500,$,,,Venezuela Al 3200 Villa Martelli - Vicente López - Bs.as. G.b.a. Norte,departamento,alquiler,,30 m²,1,2,1,,,,,0 años,,,,,De Paola,,,,,,,,,,,,
748127266,Altolaguirre 3268  Villa Urquiza ,15.000,$,,,Altolaguirre 3268 Villa Urquiza - Capital Federal,departamento,alquiler, 48 m² ,44 m²,1,2,2,2500,4,3,5,7 años,Dúplex,Contrafrente,,,,,,,1,,,Si,,,,,
750906222,Ceretti 2342  Villa Urquiza ,13.000,$,,,Ceretti 2342 Villa Urquiza - Capital Federal,departamento,alquiler, 48 m² ,46 m²,1,2,1,,,,,,,,,,,,,,,,,,,,,,
749527597,Arenales 1300  Barrio Norte ,11.500,$,,,Arenales 1300 Barrio Norte - Capital Federal,departamento,alquiler, 35 m² ,35 m²,1,2,1,,,,,,,,,,,,,,,,,Si,,,,,
745252906,Av Costanera 4261  San Clemente,1.100,$,,,Av Costanera 4261 San Clemente - Bs.as. Costa Atlántica,departamento,alquiler, 63 m² ,49 m²,1,2,1,,,1,2,0 años,Departamento,Frente,,,,,,,,,,,Si,Si,,,
751801370,Av. Australia 2815  Barracas ,18.000,$,,,Av. Australia 2815 Barracas - Capital Federal,departamento,alquiler, 55 m² ,55 m²,2,3,2,,,,,,Departamento,Frente,,,,,,,,,,,,,,,
746397189,Chacabuco 861  Ciudadela  Tres De Febrero,7.500,$,,,Chacabuco 861 Ciudadela - Tres De Febrero - Bs.as. G.b.a. Oeste,departamento,alquiler, 20 m² ,20 m²,1,1,1,,,,,5 años,Departamento,Frente,,,,,,,,,,,,,,,
746135729,Mariano Acha 1636  Villa Urquiza ,11.500,$,,,Mariano Acha 1636 Villa Urquiza - Capital Federal,departamento,alquiler, 43 m² ,43 m²,1,2,1,1400,,,,,,,,,,,,,,,,,,,,,
747157442,Tinogasta 2700  Agronomía ,10.000,$,,,Tinogasta 2700 Agronomía - Capital Federal,departamento,alquiler, 36 m² ,36 m²,1,2,1,,,,,,,,,,,,,,,,,,,,,,
749559110,Saladillo 200  Sarandí  Avellaneda,6.200,$,,,Saladillo 200 Sarandí - Avellaneda - Bs.as. G.b.a. Sur,departamento,alquiler, 30 m² ,30 m²,1,2,1,,,,,10 años,Departamento,Interno,,,,,,,,,,,,,,,
747310133,Lavalle 3000  Almagro ,9.000,$,,,Lavalle 3000 Almagro - Capital Federal,departamento,alquiler, 38 m² ,38 m²,,1,1,,,,,,,,,,,,,,,,,,,,,,
747347374,Zeballos 3800  Sarandí  Avellaneda,5.600,$,,,Zeballos 3800 Sarandí - Avellaneda - Bs.as. G.b.a. Sur,departamento,alquiler, 30 m² ,30 m²,1,2,1,,,,,,,,,,,,,,,,,,,,,,
752230922,Libertador 274  Retiro ,15.000,$,,,Libertador 274 Retiro - Capital Federal,departamento,alquiler, 49 m² ,45 m²,1,2,1,,,,,,,,,,,,,,,,,,,,,,
752040730,Luis Pereyra Y Pasaje Valle 871  Tigre,11.000,$,,,Luis Pereyra Y Pasaje Valle 871 Tigre - Bs.as. G.b.a. Norte,departamento,alquiler, 55 m² ,47 m²,1,2,1,,3,2,4,0 años,Departamento,Frente,,,,,,,1,,,Si,,,,,
752558406,Salguero Y Cordoba 1100  Palermo ,12.000,$,,,Salguero Y Cordoba 1100 Palermo - Capital Federal,departamento,alquiler, 40 m² ,38 m²,,1,1,,,,,2 años,Monoambiente,Contrafrente,,,,,,,,,,,,,Si,,
752851844,Av. Del Libertador 6200  Belgrano ,17.000,$,,,Av. Del Libertador 6200 Belgrano - Capital Federal,departamento,alquiler, 50 m² ,50 m²,2,3,1,4500,5,4,,35 años,Departamento,Frente,,,,,,,,,,Si,,,,,
753985820,Cochabamba 958  Barracas ,10.000,$,,,Cochabamba 958 Barracas - Capital Federal,departamento,alquiler, 45 m² ,45 m²,1,2,1,,,,,,,,,,,,,,,,,,,,,,
752344164,Scalabrini Ortiz 1507  Palermo Soho ,25.000,$,,,Scalabrini Ortiz 1507 Palermo Soho - Capital Federal,departamento,alquiler, 75 m² ,67 m²,3,4,2,2350,,,,,,,,,,,,,,,,Si,,,,,
752033923,Av Golf 100  Nordelta Sendero  Tigre,17.000,$,,,Av Golf 100 Nordelta Sendero - Tigre - Bs.as. G.b.a. Norte,departamento,alquiler, 69 m² ,60 m²,2,3,2,,,,,4 años,Dúplex,Frente,,,,,,,1,,,Si,,Si,Si,,
752914016,Oro 2671  Palermo ,27.500,$,,,Oro 2671 Palermo - Capital Federal,departamento,alquiler, 114 m² ,106 m²,2,3,2,4000,7,,,10 años,Semi piso,Contrafrente,,,,,,,1,,,,,,,,
752910054,Avenida Maipú 1800  Vicente López,22.000,$,,,Avenida Maipú 1800 Vicente López - Bs.as. G.b.a. Norte,departamento,alquiler, 77 m² ,70 m²,3,4,2,,,,,,,,,,,,,,1,,,,,,,,
752129577,Pueyrredon 3815 3815  José C. Paz,5.900,$,,,Pueyrredon 3815 3815 José C. Paz - Bs.as. G.b.a. Norte,departamento,alquiler, 40 m² ,40 m²,1,2,1,,,,,,,,,,,,,,,,,,,,,,
753739480,Pte. Roca 100  Rosario,16.000,$,,,Pte. Roca 100 Rosario - Santa Fe,departamento,alquiler, 156 m² ,156 m²,5,5,3,,,,,,,Frente,,,Barabino Buenos Negocios Inmobiliarios,,,,1,,,,,,,,
751578488,Av Congreso 3000  Belgrano ,15.000,$,,,Av Congreso 3000 Belgrano - Capital Federal,departamento,alquiler, 51 m² ,44 m²,1,2,1,3000,1,4,4,4 años,Departamento,Contrafrente,,,,,,,1,,,,,,,,
753278677,Jorge Newvery 1200  Mar De Ajo,16.500,$,,,Jorge Newvery 1200 Mar De Ajo - Bs.as. Costa Atlántica,departamento,alquiler, 49 m² ,42 m²,1,2,1,,,6,3,29 años,Departamento,Contrafrente,,,,,,,,,,,,Si,,,
753471378,Pieres 554  Liniers ,9.000,$,,,Pieres 554 Liniers - Capital Federal,departamento,alquiler, 50 m² ,50 m²,1,2,1,1000,1,,2,,Departamento,Contrafrente,,,,,,,,,,,,,,,
751827251,Rivadavia 1550  Cañuelas,8.200,$,,,Rivadavia 1550 Cañuelas - Buenos Aires Interior,departamento,alquiler, 38 m² ,38 m²,1,2,1,,,,,,,,,,,,,,,,,,,,,,
753929397,Santos Vega 7000  Villa Bosch  Tres De Febrero,10.500,$,,,Santos Vega 7000 Villa Bosch - Tres De Febrero - Bs.as. G.b.a. Oeste,departamento,alquiler, 51 m² ,45 m²,2,3,1,,,,,1 años,Semi piso,Frente,,,Bocchino Propiedades,,,,,,,Si,,,,Si,
752543821,Arévalo 1736  Palermo Hollywood ,13.000,$,,,Arévalo 1736 Palermo Hollywood - Capital Federal,departamento,alquiler, 30 m² ,30 m²,1,1,1,3000,8,6,12,8 años,Departamento,Contrafrente,,,,,,,,,,Si,,,Si,Si,
752145601,Pte. Luis Saenz Peña 1800  San Cristóbal ,12.000,$,,,Pte. Luis Saenz Peña 1800 San Cristóbal - Capital Federal,departamento,alquiler, 43 m² ,43 m²,1,2,1,,5,4,5,45 años,Departamento,Contrafrente,,,,,,,,,,,,,,Si,
751786489,Avenida Juan B. Justo 1045  Palermo ,1.100,U$S,,,Avenida Juan B. Justo 1045 Palermo - Capital Federal,departamento,alquiler, 60 m² ,55 m²,1,2,1,5800,,,,9 años,Departamento,Frente,,,,,,,1,,,Si,Si,Si,Si,,
751657448,Av. Dorrego 2699  Palermo ,28.000,$,,,Av. Dorrego 2699 Palermo - Capital Federal,departamento,alquiler, 130 m² ,125 m²,4,5,3,9500,20,2,30,,Departamento,Frente,,,,,,,1,,,,,,,,
751811392,Av. Castañares Y Miró Sn  Parque Chacabuco ,9.900,$,,,Av. Castañares Y Miró Sn Parque Chacabuco - Capital Federal,departamento,alquiler, 35 m² ,32 m²,1,2,1,,,,,,,,,,Luye2008,,,,,,,,,,,,
752131994,Julio Marc 1950  Tiro Suizo  Rosario,6.500,$,,,Julio Marc 1950 Tiro Suizo - Rosario - Santa Fe,departamento,alquiler, 74 m² ,74 m²,2,3,1,,,,,,,,,,,,,,,,,,,,,,
753968582,Corrientes 369  10° B "rio"  Olivos  Vicente López,28.900,$,,,Corrientes 369  10° B "rio" Olivos - Vicente López - Bs.as. G.b.a. Norte,departamento,alquiler, 70 m² ,58 m²,1,2,1,8000,,,,0 años,,,,,Narvaez,,,,1,,,,,,,,
752745395,Casonas De Manantiales Sn  Manantiales ,23.000,$,,,Casonas De Manantiales Sn Manantiales - Córdoba,departamento,alquiler, 110 m² ,100 m²,3,3,2,,,,,,,,,,,,,,1,,,,,,,,
754802582,La Rioja 3266  San Bernardo,2.000,$,,,La Rioja 3266 San Bernardo - Bs.as. Costa Atlántica,departamento,alquiler, 100 m² ,80 m²,2,4,2,,,,,20 años,,,,,,,,,1,,,,,Si,,,
754718253,Senillosa Al 100  Caballito ,15.000,$,,,Senillosa Al 100 Caballito - Capital Federal,departamento,alquiler, 56 m² ,50 m²,2,3,1,4700,,6,13,45 años,Departamento,Contrafrente,,,Gabriel Torres Inmobiliaria,,,,,,,,,,,,
752448808,Avellaneda 164  Caballito ,16.000,$,,,Avellaneda 164 Caballito - Capital Federal,departamento,alquiler, 68 m² ,63 m²,2,3,1,,,,,,Departamento,Frente,,,,,,,,,,,,,,,
754801538,Avenida Mitre Al 6500  Wilde  Avellaneda,7.800,$,,,Avenida Mitre Al 6500 Wilde - Avellaneda - Bs.as. G.b.a. Sur,departamento,alquiler, 50 m² ,50 m²,1,2,1,,,,,0 años,Departamento,,,,Novoa Propiedades,,,,,,,,,,,,
751602963,Juncal 4690  Palermo Nuevo ,1.600,U$S,,,Juncal 4690 Palermo Nuevo - Capital Federal,departamento,alquiler, 95 m² ,95 m²,2,3,2,9735,,,,17 años,,Frente,,,Evoluer Real Estate Co.,,,,1,,,Si,,Si,Si,,
751575992,Shaw 1000  Pinamar,1.800,$,,,Shaw 1000 Pinamar - Bs.as. Costa Atlántica,departamento,alquiler, 72 m² ,60 m²,1,2,2,,,,,,,,,,,,,,1,,,,,,,,
748450939,Vicente Lopez 1921  Recoleta ,12.500,$,,,Vicente Lopez 1921 Recoleta - Capital Federal,departamento,alquiler, 50 m² ,25 m²,1,1,1,1,,2,10,30 años,Departamento,Contrafrente,,,,,,,,,,Si,Si,Si,,,
746312223,Luis Maria Campos 8piso 1174  Las Cañitas ,18.500,$,,,Luis Maria Campos 8piso 1174 Las Cañitas - Capital Federal,departamento,alquiler, 45 m² ,45 m²,2,3,1,,,,,,,,,,,,,,1,,,,,,,,
749475763,Ranulpho José De Souza Sobrinho 200  Florianópolis  Santa Catarina,280,$,,,Ranulpho José De Souza Sobrinho 200 Florianópolis - Santa Catarina - Brasil,departamento,alquiler, 70 m² ,10 m²,1,2,1,,,1,2,10 años,Departamento,Interno,,,,,,,4,,,Si,Si,Si,Si,,
745727759,Maipú 459  San Nicolás ,35,$,,,Maipú 459 San Nicolás - Capital Federal,departamento,alquiler, 30 m² ,30 m²,1,2,1,,,,,,,Frente,,,,,,,,,,Si,,,,Si,
749274977,Rodriguez Peña 2087  Recoleta ,14.000,$,,,Rodriguez Peña 2087 Recoleta - Capital Federal,departamento,alquiler, 58 m² ,58 m²,1,2,1,,,,,,,,,,,,,,,,,,,,,,
738468099,Amenabar 50  Palermo Hollywood ,17.500,$,,,Amenabar 50 Palermo Hollywood - Capital Federal,departamento,alquiler, 40 m² ,40 m²,,1,1,4800,,,,0 años,,Contrafrente,,,Evoluer Real Estate Co.,,,,1,,,Si,,Si,Si,Si,
746366658,Esmeralda 800  Retiro ,18.500,$,,,Esmeralda 800 Retiro - Capital Federal,departamento,alquiler, 51 m² ,50 m²,1,2,1,,,,,30 años,,Contrafrente,,,,,,,,,,Si,,,,Si,
744968277,Eva Duarte De Peron 1055 Grand Bourg Malvinas Argentina 3051  Grand Bourg  Malvinas Argentinas,7.500,$,,,Eva Duarte De Peron 1055 Grand Bourg Malvinas Argentina 3051 Grand Bourg - Malvinas Argentinas - Bs.as. G.b.a. Norte,departamento,alquiler, 60 m² ,60 m²,1,2,1,,,,,,,,,,,,,,,,,,,,,,
745187728,Colodrero Sn  Wilde  Avellaneda,8.500,$,,,Colodrero Sn Wilde - Avellaneda - Bs.as. G.b.a. Sur,departamento,alquiler, 50 m² ,45.52 m²,1,2,1,,,,,,,,,,,,,,,,,,,,,,
752079424,Republica De La India 2900  Palermo ,15.000,$,,,Republica De La India 2900 Palermo - Capital Federal,departamento,alquiler, 30 m² ,30 m²,1,2,1,,,,,,,,,,Lopezcastromil Propiedades,,,,,,,Si,,,,,
745608477,La Pampa 1335  Belgrano ,15.500,$,,,La Pampa 1335 Belgrano - Capital Federal,departamento,alquiler, 45 m² ,40 m²,1,1,1,2300,,,,0 años,Monoambiente,Contrafrente,,,,,,,,,,,,,Si,Si,
748900855,Pedro Zavatarro 4044  Santos Lugares  Tres De Febrero,12.900,$,,,Pedro Zavatarro 4044 Santos Lugares - Tres De Febrero - Bs.as. G.b.a. Oeste,departamento,alquiler, 66 m² ,62 m²,2,3,1,2800,,,,,Dúplex,,,,,,,,,,,Si,,,,,
751977587,Av Roca 1600  Hurlingham,7.900,$,,,Av Roca 1600 Hurlingham - Bs.as. G.b.a. Oeste,departamento,alquiler, 32 m² ,32 m²,1,1,1,,,,,,,,,,,,,,,,,,,,,,
747395483,Av. Del Libertador Al 1500  Vicente López,18.000,$,,,Av. Del Libertador Al 1500 Vicente López - Bs.as. G.b.a. Norte,departamento,alquiler, 50 m² ,38 m²,1,2,1,6100,,,1,0 años,,Lateral,,,Lexinton Propieadades,,,,,,,,,Si,Si,,
751207764,Cordoba 1900  Lanús Este  Lanús,11.000,$,,,Cordoba 1900 Lanús Este - Lanús - Bs.as. G.b.a. Sur,departamento,alquiler, 55 m² ,52 m²,2,3,1,,,,,,,,,,,,,,,,,,,,,,
748083379,Jujuy Al 500  Balvanera ,9.000,$,,,Jujuy Al 500 Balvanera - Capital Federal,departamento,alquiler, 35 m² ,35 m²,1,2,1,2400,,,1,35 años,,Lateral,,,Sucursal Goyena,,,,,,,,,,,,
747241166,Las Piedras Al 100  Nordelta  Tigre,14.000,$,,,Las Piedras Al 100 Nordelta - Tigre - Bs.as. G.b.a. Norte,departamento,alquiler, 61 m² ,46 m²,1,2,1,,,,1,0 años,Departamento,,,,Pratto Propiedades,,,,1,,,,,Si,Si,,
750985687,Bolivia 581  Flores ,17.500,$,,,Bolivia 581 Flores - Capital Federal,departamento,alquiler, 73 m² ,70 m²,2,3,1,,,,,,,,,,,,,,,,,,,,,,
745083351,Rosetti 806  Ciudad Madero  La Matanza,8.200,$,,,Rosetti 806 Ciudad Madero - La Matanza - Bs.as. G.b.a. Oeste,departamento,alquiler, 40 m² ,40 m²,1,2,1,700,1,2,2,10 años,Departamento,Frente,,,,,,,,,,Si,,,,,
748306801,Ciudad De La Paz 1300  Belgrano ,13.000,$,,,Ciudad De La Paz 1300 Belgrano - Capital Federal,departamento,alquiler, 40 m² ,40 m²,1,2,1,2500,,,,,Departamento,,,,Lopezcastromil Propiedades,,,,,,,Si,,,,,
746222200,8 414  La Plata,15.000,$,,,8 414 La Plata - Bs.as. G.b.a. Sur,departamento,alquiler, 70 m² ,60 m²,2,3,1,,4,2,5,6 años,Semi piso,Frente,,,,,,,1,,,Si,,Si,,,
746891147,Av. Libertador Al 2300  Olivos  Vicente López,24.000,$,,,Av. Libertador Al 2300 Olivos - Vicente López - Bs.as. G.b.a. Norte,departamento,alquiler, 75 m² ,60 m²,2,3,2,5244,,,1,5 años,,Frente,,,Lexinton Propiedades,,,,1,,,,,Si,Si,,
746192795,Calle A Mar De Las Pampas Y Playa 0  Mar De Las Pampas,2.900,$,,,Calle A Mar De Las Pampas Y Playa 0 Mar De Las Pampas - Bs.as. Costa Atlántica,departamento,alquiler, 150 m² ,120 m²,1,2,1,,1,1,,4 años,,,,,,,,,1,,,Si,Si,Si,Si,,
750915965,Moreno Al 2700  Centro  Mar Del Plata,8.400,$,,,Moreno Al 2700 Centro - Mar Del Plata - Bs.as. Costa Atlántica,departamento,alquiler, 38 m² ,36 m²,1,2,1,,,,,40 años,,Frente,,,Girard Propiedades,,,,,,,,,,,,
747991862,9 De Julio Al 2500  Centro  Mar Del Plata,7.900,$,,,9 De Julio Al 2500 Centro - Mar Del Plata - Bs.as. Costa Atlántica,departamento,alquiler, 40 m² ,40 m²,1,2,1,,,,,40 años,,Contrafrente,,,Girard Propiedades,,,,,,,,,,,,
750844714,Crespo 500 02°  Echesortu  Rosario,5.250,$,,,Crespo 500 02° Echesortu - Rosario - Santa Fe,departamento,alquiler, 28 m² ,28 m²,,1,1,600,02,,1,,Departamento,,,,Lb Inmuebles,,,,,,,,,,,,
746114866,Laprida 1300  Barrio Norte ,12.000,$,,,Laprida 1300 Barrio Norte - Capital Federal,departamento,alquiler, 48 m² ,34 m²,1,1,1,2500,9,4,9,35 años,Departamento,Frente,,,,,,,,,,,,Si,,,
749024688,Homero 442  Villa Luro ,13.000,$,,,Homero 442 Villa Luro - Capital Federal,departamento,alquiler, 50.51 m² ,41 m²,1,2,1,,,5,2,12 años,Departamento,Frente,,,,,,,,,,Si,,,,,
749681312,Rio De Janeiro 657  Caballito ,15.500,$,,,Rio De Janeiro 657 Caballito - Capital Federal,departamento,alquiler, 53 m² ,47 m²,1,2,1,2130,,,,0 años,Departamento,Contrafrente,,,,,,,1,,,Si,,,,,
746213264,Av. Costanera 1920  Villa Gesell,14.000,$,,,Av. Costanera 1920 Villa Gesell - Bs.as. Costa Atlántica,departamento,alquiler, 40 m² ,40 m²,1,2,1,1867,1,6,2,20 años,Departamento,Contrafrente,,,,,,,1,,,Si,,Si,Si,,
749560544,Monroe 3450  Belgrano R ,19.000,$,,,Monroe 3450 Belgrano R - Capital Federal,departamento,alquiler, 65 m² ,4 m²,2,3,1,7000,,,,,,,,,,,,,,,,Si,,,Si,,
749018060,Sargento Cabral 3359  Lomas Del Mirador  La Matanza,9.000,$,,,Sargento Cabral 3359 Lomas Del Mirador - La Matanza - Bs.as. G.b.a. Oeste,departamento,alquiler, 55 m² ,47 m²,1,2,1,,,,,,,,,,,,,,,,,,,,,,
745311585,Republica Oriental Uruguay 846  Morón,9.500,$,,,Republica Oriental Uruguay 846 Morón - Bs.as. G.b.a. Oeste,departamento,alquiler, 44 m² ,43 m²,1,2,1,1500,5,7,,0 años,Departamento,,,,,,,,,,,,,,,,
748507933,Cordoba Al 400  3 Ambientes Con Dos Baños  Retiro ,14.800,$,,,Cordoba Al 400  3 Ambientes Con Dos Baños Retiro - Capital Federal,departamento,alquiler, 58 m² ,55 m²,,3,1,6000,,,,0 años,,Contrafrente,,,Zommer Negocios Inmobiliarios,,,,,,,Si,,,,Si,
749891239,Maipu 1167  Bernal  Quilmes,9.000,$,,,Maipu 1167 Bernal - Quilmes - Bs.as. G.b.a. Sur,departamento,alquiler, 85 m² ,65 m²,2,3,1,,,,,,,,,,,,,,1,,,,,,,,
746665639,Amadeo Jaques Al 7000  Liniers ,9.000,$,,,Amadeo Jaques Al 7000 Liniers - Capital Federal,departamento,alquiler,,40 m²,1,2,1,,,,,0 años,,Frente,,,De Paola,,,,,,,,,,Si,,
750544093,25 De Mayo 473  Morón,15.000,$,,,25 De Mayo 473 Morón - Bs.as. G.b.a. Oeste,departamento,alquiler, 85 m² ,85 m²,2,3,2,,,,,,,,,,,,,,,,,Si,,Si,,,
749945560,Santa Fe 1619  Centro  Mar Del Plata,950,$,,,Santa Fe 1619 Centro - Mar Del Plata - Bs.as. Costa Atlántica,departamento,alquiler, 40 m² ,40 m²,1,2,1,,,,,,,,,,,,,,,,,,,,,,
742111058,Jeronimo Salguero 2400  Palermo Chico ,13.000,$,,,Jeronimo Salguero 2400 Palermo Chico - Capital Federal,departamento,alquiler, 45 m² ,45 m²,,1,1,2900,,,,,Departamento,Frente,,,Lopezcastromil Propiedades,,,,,,,,,,,Si,
746264303,Billinghurst 1050  Palermo ,24.900,$,,,Billinghurst 1050 Palermo - Capital Federal,departamento,alquiler, 75 m² ,65 m²,2,3,2,4900,,,,,Departamento,Contrafrente,,,,,,,1,,,Si,,,,Si,
750299621,Padre Roqueta Y Ruta 26 2664  Pilar,6.000,$,,,Padre Roqueta Y Ruta 26 2664 Pilar - Bs.as. G.b.a. Norte,departamento,alquiler, 25 m² ,25 m²,1,2,1,,,10,,4 años,Departamento,Lateral,,,,,,,,,,,,Si,,,
750675430,Almirante Brown 1783  Torreón  Mar Del Plata,1.100,$,,,Almirante Brown 1783 Torreón - Mar Del Plata - Bs.as. Costa Atlántica,departamento,alquiler, 28 m² ,28 m²,1,2,1,,,,,,,,,,,,,,,,,,,,,,
750348472,Humaita 1700  Tapiales  La Matanza,7.500,$,,,Humaita 1700 Tapiales - La Matanza - Bs.as. G.b.a. Oeste,departamento,alquiler, 40 m² ,40 m²,1,1,1,,,,,,Ph,Interno,,,,,,,,,,,,,,,
749115632,Directorio 2350  Flores ,8.400,$,,,Directorio 2350 Flores - Capital Federal,departamento,alquiler, 30 m² ,30 m²,,1,1,1900,6,5,8,35 años,Departamento,Contrafrente,,,,,,,,,,,,,,,
748590683,44 Y 7 Plaza Italia 31  La Plata,14.000,$,,,44 Y 7 Plaza Italia 31 La Plata - Bs.as. G.b.a. Sur,departamento,alquiler, 80 m² ,80 m²,2,3,1,2200,6,3,10,5 años,Departamento,Frente,,,,,,,,,,,,,,,
748320765,Ceretti 2268  Villa Urquiza ,10.900,$,,,Ceretti 2268 Villa Urquiza - Capital Federal,departamento,alquiler, 39 m² ,37 m²,,1,1,1200,05,4,7,0 años,Departamento,Contrafrente,,,,,,,,,,,,,,Si,
720349658,O'gorman Camila 300  Puerto Madero ,23.000,$,,,O'gorman Camila 300 Puerto Madero - Capital Federal,departamento,alquiler, 78 m² ,74 m²,1,2,1,12524,,,1,0 años,,Frente,,,Lexinton Propiedades,,,,1,,,Si,,,Si,Si,
754182168,Maipu 200  Centro ,6.500,$,,,Maipu 200 Centro - Córdoba,departamento,alquiler, 75 m² ,75 m²,2,4,2,1600,,1,,20 años,Departamento,Frente,,,Ragazzinibienesraices,,,,,,,,,,,,
752215897,Valle Fertil 800  Pinamar,2.000,$,,,Valle Fertil 800 Pinamar - Bs.as. Costa Atlántica,departamento,alquiler, 50 m² ,42 m²,1,2,1,,,4,3,5 años,Departamento,Frente,,,,,,,1,,,Si,Si,Si,Si,,
749783017,Avenida 1 4610  Villa Gesell,800,$,,,Avenida 1 4610 Villa Gesell - Bs.as. Costa Atlántica,departamento,alquiler, 69 m² ,50 m²,1,2,1,,1,5,3,20 años,Departamento,Frente,,,,,,,5,,,,Si,Si,,,
747991863,Yrigoyen Al 1100  La Perla  Mar Del Plata,25.000,$,,,Yrigoyen Al 1100 La Perla - Mar Del Plata - Bs.as. Costa Atlántica,departamento,alquiler, 95 m² ,85 m²,2,3,1,,,,,0 años,,,,,Girard Propiedades,,,,,,,,,,,,
751975500,Repetto 2100  Paternal ,20.500,$,,,Repetto 2100 Paternal - Capital Federal,departamento,alquiler, 88 m² ,80 m²,2,3,2,,,,,,Ph,Frente,,,,,,,,,,,,,,,
713149971,Eva Peron 8615  Fisherton  Rosario,13.000,$,,,Eva Peron 8615 Fisherton - Rosario - Santa Fe,departamento,alquiler, 80 m² ,59 m²,1,3,2,,,,,,,,,,Sti Propiedades,,,,1,,,,,,,,
746513831,Los Molinos - Juana Manso Al 1100  Puerto Madero ,2.500,U$S,,,Los Molinos - Juana Manso Al 1100 Puerto Madero - Capital Federal,departamento,alquiler, 120 m² ,110 m²,1,2,1,15000,,,1,0 años,,Frente,,,Situar Puerto Madero,,,,1,,,Si,,,,,
749422345,Matias Sturiza Al 400  Olivos  Vicente López,22.000,$,,,Matias Sturiza Al 400 Olivos - Vicente López - Bs.as. G.b.a. Norte,departamento,alquiler, 49 m² ,49 m²,1,2,1,,,,1,0 años,,Frente,,,Puerto De Olivos,,,,1,,,Si,,,Si,,
746592269,Av 3 3155  Villa Gesell,3.500,$,,,Av 3 3155 Villa Gesell - Bs.as. Costa Atlántica,departamento,alquiler, 33 m² ,33 m²,1,1,1,,,,,,,,,,,,,,,,,,,,,,
750340509,San Lorenzo Al 1200  Rosario,12.500,$,,,San Lorenzo Al 1200 Rosario - Santa Fe,departamento,alquiler, 110 m² ,91 m²,3,6,3,3670,,2,11,37 años,Departamento,Frente,,,Ldp Negocios Inmobiliarios,,,,,,,,,,,,
754464049,Epecuen 4900  Villa Devoto ,25.500,$,,,Epecuen 4900 Villa Devoto - Capital Federal,departamento,alquiler, 91 m² ,71 m²,2,3,2,,1,4,1,1 años,Departamento,Frente,,,,,,,,,,Si,,Si,,Si,
750012284,44 1125  San Clemente,35,$,,,44 1125 San Clemente - Bs.as. Costa Atlántica,departamento,alquiler, 75 m² ,75 m²,2,3,2,,,,,,Dúplex,,,,,,,,1,,,,,,,,
750342768,Ciudad De La Paz Al 1300  Belgrano ,22.800,$,,,Ciudad De La Paz Al 1300 Belgrano - Capital Federal,departamento,alquiler, 80 m² ,70 m²,2,3,2,6300,,,1,50 años,,Frente,,,Lexinton Propiedades,,,,,,,Si,,,,,
754264478,Tinogasta 3168  Villa Del Parque ,15.000,$,,,Tinogasta 3168 Villa Del Parque - Capital Federal,departamento,alquiler, 90 m² ,80 m²,3,4,2,4500,4,5,9,30 años,Departamento,Frente,,,,,,,,,,,,,,Si,
750110718,Belgrano 3194  Munro  Vicente López,8.500,$,,,Belgrano 3194 Munro - Vicente López - Bs.as. G.b.a. Norte,departamento,alquiler, 20 m² ,20 m²,,,,,,,,,,,,,,,,,,,,,,,,,
748315574,Mar De Ajo,1.000,$,,, Mar De Ajo - Bs.as. Costa Atlántica,departamento,alquiler, 29 m² ,29 m²,1,1,1,,6,,,30 años,Departamento,Lateral,,,,,,,,,,,,,,,
748957108,Sanchez De Loria 290  Lomas De Zamora,13.000,$,,,Sanchez De Loria 290 Lomas De Zamora - Bs.as. G.b.a. Sur,departamento,alquiler, 90 m² ,90 m²,3,4,2,,,,,,,,,,,,,,,,,,,,,,
746450126,Guatemala Al 4500  Palermo Soho ,1,U$S,,,Guatemala Al 4500 Palermo Soho - Capital Federal,departamento,alquiler, 100 m² ,95 m²,3,4,2,,,,1,9 años,,Frente,,,Mgc Propiedades - División Venta Usados | Alquileres,,,,1,,,Si,,Si,Si,,
747991849,Arenales Al 2200  Centro  Mar Del Plata,8.900,$,,,Arenales Al 2200 Centro - Mar Del Plata - Bs.as. Costa Atlántica,departamento,alquiler, 44 m² ,40 m²,1,2,1,,,,,40 años,,Frente,,,Girard Propiedades,,,,,,,,,,,,
747798528,Moldes Al 2800  Belgrano ,22.500,$,,,Moldes Al 2800 Belgrano - Capital Federal,departamento,alquiler, 49 m² ,37 m²,,1,1,3000,,,,0 años,Departamento,Frente,,,Marmol & Blejman Propiedades,,,,1,,,,,,,,
747857686,Ibera 5600  Villa Urquiza ,17.999,$,,,Ibera 5600 Villa Urquiza - Capital Federal,departamento,alquiler, 60 m² ,50 m²,2,3,1,2700,,3,6,,Departamento,Frente,,,,,,,,,,,,,,,
744332103,Tigre torre River Side  Tigre,10.500,$,,,Tigre torre River Side Tigre - Bs.as. G.b.a. Norte,departamento,alquiler,,45 m²,,2,1,3720,,,,10 años,,,,,Lambo Propiedades,,,,,,,,,,,,
748783786,Diario La Nacion 1985  Francisco Álvarez  Moreno,8.000,$,,,Diario La Nacion 1985 Francisco Álvarez - Moreno - Bs.as. G.b.a. Oeste,departamento,alquiler, 65 m² ,65 m²,2,3,1,,1,2,1,15 años,Departamento,Frente,,,Rojasambriniprop,,,,,,,,,,,,
747750566,Quartier Madero Urbano  Puerto Madero ,16.000,$,,,Quartier Madero Urbano Puerto Madero - Capital Federal,departamento,alquiler, 47 m² ,42 m²,,1,1,7500,,,,3 años,,,,,Evoluer Real Estate Co.,,,,,,,Si,,,Si,Si,
750048170,Libertad 1100  Barrio Norte ,29.000,$,,,Libertad 1100 Barrio Norte - Capital Federal,departamento,alquiler, 157 m² ,157 m²,3,5,4,10700,,,,0 años,,Frente,,,Evoluer Real Estate Co.,,,,,,,,,,,,
746979896,Totoras 35 Edificio Zentiva 35  Centro  Pinamar,2.000,$,,,Totoras 35 Edificio Zentiva 35 Centro - Pinamar - Bs.as. Costa Atlántica,departamento,alquiler, 40 m² ,35 m²,1,2,1,,,,,,,,,,,,,,,,,,,,,,
746862019,Mirabilia Belgrano - Arcos Al 2600  Belgrano ,84.000,$,,,Mirabilia Belgrano - Arcos Al 2600 Belgrano - Capital Federal,departamento,alquiler, 137 m² ,125 m²,3,4,2,15000,,,,0 años,,Frente,,,Orwel Proyectos Inmobiliarios,,,,2,,,Si,Si,Si,Si,,
747991875,Tucuman Al 2500  Mar Del Plata,13.000,$,,,Tucuman Al 2500 Mar Del Plata - Bs.as. Costa Atlántica,departamento,alquiler, 52 m² ,49 m²,1,2,1,,,,,7 años,,Frente,,,Girard Propiedades,,,,,,,,,,,,
744931714,Ruta Interbalnearia 118  Punta Del Este  Maldonado,699,$,,,Ruta Interbalnearia 118 Punta Del Este - Maldonado - Uruguay,departamento,alquiler, 65 m² ,65 m²,1,2,1,,,,3,5 años,Departamento,Contrafrente,,,,,,,1,,,Si,,Si,Si,,
749143531,Moldes Al 2800  Belgrano ,19.000,$,,,Moldes Al 2800 Belgrano - Capital Federal,departamento,alquiler, 49 m² ,37 m²,,1,1,3000,,2,4,0 años,Departamento,Contrafrente,,,Marmol & Blejman Propiedades,,,,,,,,,,,,
745696248,Pilar las Cañitas  Pilar,6.500,$,,,Pilar las Cañitas Pilar - Bs.as. G.b.a. Norte,departamento,alquiler,,,1,1,1,3400,,,,0 años,,,,,Lambo Propiedades,,,,,,,,,,,,
739828970,Rep. Arabe Siria 3100  Palermo Chico ,28.000,$,,,Rep. Arabe Siria 3100 Palermo Chico - Capital Federal,departamento,alquiler, 92 m² ,83 m²,3,4,2,7800,5,2,9,45 años,Semi piso,Contrafrente,,,,,,,,,,Si,,,,,
735831908,Av Libertador Al 2300  Olivos  Vicente López,21.900,$,,,Av Libertador Al 2300 Olivos - Vicente López - Bs.as. G.b.a. Norte,departamento,alquiler, 53 m² ,47 m²,1,2,2,6800,,,2,2 años,,Lateral,,,Salaya Romera Estacion,,,,1,,,Si,,,Si,,
750630315,Almirante Brown 1449  Bristol  Mar Del Plata,3.000,$,,,Almirante Brown 1449 Bristol - Mar Del Plata - Bs.as. Costa Atlántica,departamento,alquiler, 85 m² ,85 m²,2,3,2,,,,,,,,,,,,,,1,,,,,,,,
750171765,Av Libertador 5500  Belgrano ,29.000,$,,,Av Libertador 5500 Belgrano - Capital Federal,departamento,alquiler, 56 m² ,56 m²,1,2,1,4600,,,,15 años,,Frente,,,Zommer Negocios Inmobiliarios,,,,,,,Si,Si,,Si,Si,